"Hid_layer_size: [2048, 1024, 512, 256], lr: 0.0001, n_drop: 0.2, use j: True ~","Hid_layer_size: [2048, 1024, 512, 256], lr: 0.0001, n_drop: 0.2, use j: False ~","Hid_layer_size: [2048, 1024, 512, 256], lr: 0.0001, n_drop: 0.3, use j: True ~","Hid_layer_size: [2048, 1024, 512, 256], lr: 0.0001, n_drop: 0.3, use j: False ~","Hid_layer_size: [2048, 1024, 512, 256], lr: 0.0001, n_drop: 0.4, use j: True ~","Hid_layer_size: [2048, 1024, 512, 256], lr: 0.0001, n_drop: 0.4, use j: False ~","Hid_layer_size: [2048, 1024, 512, 256], lr: 1e-05, n_drop: 0.2, use j: True ~","Hid_layer_size: [2048, 1024, 512, 256], lr: 1e-05, n_drop: 0.2, use j: False ~","Hid_layer_size: [2048, 1024, 512, 256], lr: 1e-05, n_drop: 0.3, use j: True ~","Hid_layer_size: [2048, 1024, 512, 256], lr: 1e-05, n_drop: 0.3, use j: False ~","Hid_layer_size: [2048, 1024, 512, 256], lr: 1e-05, n_drop: 0.4, use j: True ~","Hid_layer_size: [2048, 1024, 512, 256], lr: 1e-05, n_drop: 0.4, use j: False ~","Hid_layer_size: [1024, 512], lr: 0.0001, n_drop: 0.2, use j: True ~","Hid_layer_size: [1024, 512], lr: 0.0001, n_drop: 0.2, use j: False ~","Hid_layer_size: [1024, 512], lr: 0.0001, n_drop: 0.3, use j: True ~","Hid_layer_size: [1024, 512], lr: 0.0001, n_drop: 0.3, use j: False ~","Hid_layer_size: [1024, 512], lr: 0.0001, n_drop: 0.4, use j: True ~","Hid_layer_size: [1024, 512], lr: 0.0001, n_drop: 0.4, use j: False ~","Hid_layer_size: [1024, 512], lr: 1e-05, n_drop: 0.2, use j: True ~","Hid_layer_size: [1024, 512], lr: 1e-05, n_drop: 0.2, use j: False ~","Hid_layer_size: [1024, 512], lr: 1e-05, n_drop: 0.3, use j: True ~","Hid_layer_size: [1024, 512], lr: 1e-05, n_drop: 0.3, use j: False ~","Hid_layer_size: [1024, 512], lr: 1e-05, n_drop: 0.4, use j: True ~","Hid_layer_size: [1024, 512], lr: 1e-05, n_drop: 0.4, use j: False ~","Hid_layer_size: [1024, 512, 256], lr: 0.0001, n_drop: 0.2, use j: True ~","Hid_layer_size: [1024, 512, 256], lr: 0.0001, n_drop: 0.2, use j: False ~","Hid_layer_size: [1024, 512, 256], lr: 0.0001, n_drop: 0.3, use j: True ~","Hid_layer_size: [1024, 512, 256], lr: 0.0001, n_drop: 0.3, use j: False ~","Hid_layer_size: [1024, 512, 256], lr: 0.0001, n_drop: 0.4, use j: True ~","Hid_layer_size: [1024, 512, 256], lr: 0.0001, n_drop: 0.4, use j: False ~","Hid_layer_size: [1024, 512, 256], lr: 1e-05, n_drop: 0.2, use j: True ~","Hid_layer_size: [1024, 512, 256], lr: 1e-05, n_drop: 0.2, use j: False ~","Hid_layer_size: [1024, 512, 256], lr: 1e-05, n_drop: 0.3, use j: True ~","Hid_layer_size: [1024, 512, 256], lr: 1e-05, n_drop: 0.3, use j: False ~","Hid_layer_size: [1024, 512, 256], lr: 1e-05, n_drop: 0.4, use j: True ~","Hid_layer_size: [1024, 512, 256], lr: 1e-05, n_drop: 0.4, use j: False ~","Hid_layer_size: [1024, 512, 256, 128], lr: 0.0001, n_drop: 0.2, use j: True ~","Hid_layer_size: [1024, 512, 256, 128], lr: 0.0001, n_drop: 0.2, use j: False ~","Hid_layer_size: [1024, 512, 256, 128], lr: 0.0001, n_drop: 0.3, use j: True ~","Hid_layer_size: [1024, 512, 256, 128], lr: 0.0001, n_drop: 0.3, use j: False ~","Hid_layer_size: [1024, 512, 256, 128], lr: 0.0001, n_drop: 0.4, use j: True ~","Hid_layer_size: [1024, 512, 256, 128], lr: 0.0001, n_drop: 0.4, use j: False ~","Hid_layer_size: [1024, 512, 256, 128], lr: 1e-05, n_drop: 0.2, use j: True ~","Hid_layer_size: [1024, 512, 256, 128], lr: 1e-05, n_drop: 0.2, use j: False ~","Hid_layer_size: [1024, 512, 256, 128], lr: 1e-05, n_drop: 0.3, use j: True ~","Hid_layer_size: [1024, 512, 256, 128], lr: 1e-05, n_drop: 0.3, use j: False ~","Hid_layer_size: [1024, 512, 256, 128], lr: 1e-05, n_drop: 0.4, use j: True ~","Hid_layer_size: [1024, 512, 256, 128], lr: 1e-05, n_drop: 0.4, use j: False ~","Hid_layer_size: [1024, 512, 320, 180], lr: 0.0001, n_drop: 0.2, use j: True ~","Hid_layer_size: [1024, 512, 320, 180], lr: 0.0001, n_drop: 0.2, use j: False ~","Hid_layer_size: [1024, 512, 320, 180], lr: 0.0001, n_drop: 0.3, use j: True ~","Hid_layer_size: [1024, 512, 320, 180], lr: 0.0001, n_drop: 0.3, use j: False ~","Hid_layer_size: [1024, 512, 320, 180], lr: 0.0001, n_drop: 0.4, use j: True ~","Hid_layer_size: [1024, 512, 320, 180], lr: 0.0001, n_drop: 0.4, use j: False ~","Hid_layer_size: [1024, 512, 320, 180], lr: 1e-05, n_drop: 0.2, use j: True ~","Hid_layer_size: [1024, 512, 320, 180], lr: 1e-05, n_drop: 0.2, use j: False ~","Hid_layer_size: [1024, 512, 320, 180], lr: 1e-05, n_drop: 0.3, use j: True ~","Hid_layer_size: [1024, 512, 320, 180], lr: 1e-05, n_drop: 0.3, use j: False ~","Hid_layer_size: [1024, 512, 320, 180], lr: 1e-05, n_drop: 0.4, use j: True ~","Hid_layer_size: [1024, 512, 320, 180], lr: 1e-05, n_drop: 0.4, use j: False ~","Hid_layer_size: [1500, 1000, 750, 500, 200], lr: 0.0001, n_drop: 0.2, use j: True ~","Hid_layer_size: [1500, 1000, 750, 500, 200], lr: 0.0001, n_drop: 0.2, use j: False ~","Hid_layer_size: [1500, 1000, 750, 500, 200], lr: 0.0001, n_drop: 0.3, use j: True ~","Hid_layer_size: [1500, 1000, 750, 500, 200], lr: 0.0001, n_drop: 0.3, use j: False ~","Hid_layer_size: [1500, 1000, 750, 500, 200], lr: 0.0001, n_drop: 0.4, use j: True ~","Hid_layer_size: [1500, 1000, 750, 500, 200], lr: 0.0001, n_drop: 0.4, use j: False ~","Hid_layer_size: [1500, 1000, 750, 500, 200], lr: 1e-05, n_drop: 0.2, use j: True ~","Hid_layer_size: [1500, 1000, 750, 500, 200], lr: 1e-05, n_drop: 0.2, use j: False ~","Hid_layer_size: [1500, 1000, 750, 500, 200], lr: 1e-05, n_drop: 0.3, use j: True ~","Hid_layer_size: [1500, 1000, 750, 500, 200], lr: 1e-05, n_drop: 0.3, use j: False ~","Hid_layer_size: [1500, 1000, 750, 500, 200], lr: 1e-05, n_drop: 0.4, use j: True ~","Hid_layer_size: [1500, 1000, 750, 500, 200], lr: 1e-05, n_drop: 0.4, use j: False ~"
5.25316858291626,5.041731834411621,5.155228614807129,5.148058891296387,5.030215263366699,5.181426048278809,5.008151054382324,5.249113082885742,5.3617448806762695,5.294750213623047,5.391059875488281,5.355704307556152,4.904457092285156,4.656518459320068,4.905066967010498,4.657315254211426,4.912369251251221,5.147050857543945,5.318162441253662,5.173349380493164,5.2925825119018555,5.001977920532227,5.086090564727783,5.271230697631836,4.895773887634277,5.034650802612305,5.262628555297852,4.834547519683838,4.904206275939941,4.893492698669434,5.36735725402832,5.305117607116699,5.247097969055176,5.106902122497559,5.331615924835205,5.3881659507751465,5.147562026977539,4.795919418334961,5.228137493133545,5.169604301452637,5.1475443840026855,5.019400596618652,5.109586715698242,5.241152286529541,5.363238334655762,5.375392913818359,5.484068393707275,5.299137592315674,5.034599304199219,4.7858567237854,5.069494247436523,5.208317756652832,5.151620864868164,5.215125560760498,5.162583827972412,5.392786026000977,5.393492221832275,5.415266036987305,5.441065788269043,5.396856307983398,5.0214056968688965,5.277376174926758,5.144742488861084,5.152349948883057,5.147603988647461,4.978914260864258,5.41274881362915,5.379567623138428,5.399753570556641,5.415911674499512,5.421469211578369,5.544333457946777
4.946926116943359,4.910484313964844,5.02338981628418,5.020934104919434,5.026458263397217,4.8972697257995605,4.917056083679199,5.09237813949585,5.046916961669922,5.151670455932617,5.17341423034668,5.208076000213623,4.807251930236816,4.651185035705566,4.902441024780273,4.531257152557373,4.902665138244629,4.909539222717285,5.053824424743652,4.803897857666016,5.156030654907227,4.921965599060059,4.971073627471924,4.930342197418213,4.672821521759033,4.845991134643555,4.902773380279541,4.659155368804932,4.675555229187012,4.65641975402832,5.059683322906494,5.1494364738464355,5.00630521774292,4.919764041900635,5.256097793579102,5.212431907653809,5.148539066314697,4.77426290512085,5.152528762817383,5.133606433868408,4.904947757720947,4.861017227172852,5.031802177429199,5.0259318351745605,5.244728088378906,5.292362689971924,5.3407673835754395,5.105199337005615,4.921441555023193,4.678424835205078,4.717167377471924,5.148395538330078,5.125762939453125,5.147981643676758,5.033681392669678,5.246208667755127,5.387652397155762,5.286291122436523,5.396308898925781,5.329754829406738,4.90024471282959,5.149463653564453,5.028784275054932,5.1507720947265625,5.043727874755859,4.995949745178223,5.1342244148254395,5.270779609680176,5.177248477935791,5.270654678344727,5.315175533294678,5.353860855102539
4.905395030975342,4.903390407562256,5.022880554199219,4.906268119812012,5.026859760284424,4.906357765197754,4.782397747039795,5.0300397872924805,4.909604072570801,5.0737528800964355,5.15639591217041,5.14475154876709,4.7746992111206055,4.649813652038574,4.775228500366211,4.527215480804443,4.772100448608398,4.902400493621826,5.009304523468018,4.683462142944336,4.9373931884765625,4.6913347244262695,4.815830230712891,4.905104160308838,4.45015811920166,4.785262584686279,4.898336887359619,4.654577255249023,4.6591949462890625,4.626832485198975,5.03348445892334,5.0331525802612305,4.9202656745910645,4.922797203063965,5.199997901916504,5.16495418548584,5.150601387023926,4.775094509124756,5.042982578277588,5.036839485168457,4.910150527954102,4.784932613372803,5.018181800842285,4.979949474334717,5.181840419769287,5.189767837524414,5.2808027267456055,5.065237045288086,4.786476135253906,4.532848358154297,4.657533645629883,5.148305892944336,5.14300537109375,5.040549278259277,5.020387649536133,5.172586441040039,5.358732223510742,5.161571979522705,5.389688491821289,5.278100967407227,4.776775360107422,5.151113510131836,4.908413887023926,5.148052215576172,5.0267815589904785,4.917545795440674,5.117153644561768,5.169285297393799,5.057589054107666,5.154304027557373,5.152570724487305,5.26516580581665
4.900868892669678,4.900545120239258,5.043835639953613,4.902005672454834,4.906625270843506,4.883847236633301,4.662771701812744,4.905686855316162,4.901920795440674,5.039204120635986,5.150382995605469,5.152985572814941,4.771424770355225,4.53011417388916,4.773042678833008,4.402790069580078,4.774414539337158,4.895195007324219,4.915842533111572,4.664645671844482,4.913803577423096,4.669685363769531,4.730735778808594,4.902329921722412,4.40528678894043,4.778146266937256,4.783252716064453,4.66717004776001,4.742214679718018,4.516234874725342,4.963932991027832,5.022396087646484,4.894427299499512,4.807614326477051,5.101505279541016,5.13654088973999,5.027139186859131,4.6734938621521,5.034945487976074,5.029470920562744,4.897071838378906,4.775684833526611,5.023212909698486,4.865760803222656,5.025712966918945,5.155360221862793,5.223028182983398,5.025269985198975,4.78123664855957,4.529196739196777,4.6927056312561035,5.144803524017334,5.025592803955078,5.048788070678711,5.021251678466797,5.037116527557373,5.265488624572754,5.151973247528076,5.339484691619873,5.271818161010742,4.7780256271362305,5.152070999145508,4.904628276824951,5.1501145362854,4.950517654418945,4.852855682373047,5.03035306930542,5.151800155639648,5.119903087615967,5.157902240753174,5.081756114959717,5.159674167633057
4.900066375732422,4.901517868041992,5.019258975982666,4.903153419494629,4.905172824859619,4.770680904388428,4.662535190582275,4.782345294952393,4.8953857421875,5.027544975280762,5.1516218185424805,5.149652004241943,4.771662712097168,4.403154373168945,4.77128267288208,4.405003547668457,4.662682056427002,4.773916244506836,4.910377502441406,4.658897876739502,4.910516738891602,4.659409523010254,4.671878814697266,4.780778884887695,4.404608726501465,4.778299331665039,4.528044700622559,4.6518144607543945,4.55091667175293,4.410089492797852,4.9166579246521,5.006971836090088,4.901944637298584,4.792695999145508,5.031144142150879,5.123401641845703,5.028824329376221,4.654420852661133,5.027276515960693,5.034156322479248,4.873778820037842,4.7733154296875,5.018585681915283,4.806440353393555,5.012375831604004,5.179627895355225,5.080844402313232,5.0087666511535645,4.780097007751465,4.530529975891113,4.668341636657715,5.14518928527832,5.032725811004639,5.026796817779541,5.0538649559021,5.0307722091674805,5.258519172668457,5.150626182556152,5.155500888824463,5.263937950134277,4.661634922027588,5.1404876708984375,4.912286758422852,5.153066635131836,4.904641151428223,4.784694671630859,4.934159755706787,5.148929595947266,5.037630081176758,5.21727991104126,5.031597137451172,5.146101951599121
4.897382736206055,4.900909423828125,4.902246475219727,4.902493953704834,4.912436008453369,4.714644432067871,4.663876533508301,4.664710998535156,4.7842793464660645,5.027431011199951,5.146381378173828,5.148532390594482,4.770779609680176,4.401783466339111,4.768440246582031,4.400678634643555,4.768872261047363,4.771100997924805,4.904754638671875,4.654310703277588,4.916678428649902,4.552577495574951,4.6644182205200195,4.668373107910156,4.40479040145874,4.77880859375,4.548035621643066,4.528250217437744,4.393690586090088,4.40884256362915,4.940074920654297,4.911463260650635,4.793966293334961,4.685624122619629,5.0442728996276855,5.142037391662598,5.02786111831665,4.680347442626953,5.024242877960205,5.021756172180176,4.802947044372559,4.77437162399292,4.988405227661133,4.83293342590332,4.846112251281738,5.150705814361572,5.040618896484375,4.901483535766602,4.7805585861206055,4.528224945068359,4.652838706970215,5.148537635803223,5.077741622924805,5.023180961608887,5.018838882446289,5.026472091674805,5.238649368286133,5.154654502868652,5.147852420806885,5.260107040405273,4.660432815551758,4.9226179122924805,4.909350395202637,5.115267753601074,4.903581619262695,4.779271125793457,4.781064510345459,5.150796890258789,5.044103145599365,5.146501541137695,5.027257919311523,5.152731895446777
4.9003095626831055,4.904429912567139,4.898400783538818,4.900966644287109,4.903295040130615,4.651309967041016,4.6539435386657715,4.55377197265625,4.77971076965332,5.011596202850342,5.154986381530762,5.008969306945801,4.768716812133789,4.399963855743408,4.768454074859619,4.400162696838379,4.647226810455322,4.7702813148498535,4.903223514556885,4.615787506103516,4.789979457855225,4.53385066986084,4.655807971954346,4.610725402832031,4.406296253204346,4.778045654296875,4.528686046600342,4.529802322387695,4.281431198120117,4.403610706329346,4.907042026519775,4.913562297821045,4.769434928894043,4.677958011627197,5.078634738922119,5.13623046875,5.027987957000732,4.654078960418701,5.02527379989624,5.024265289306641,4.77858829498291,4.77628231048584,4.778196811676025,4.800474166870117,4.7908124923706055,5.140384197235107,5.1191511154174805,4.904903411865234,4.777700901031494,4.527512550354004,4.652379989624023,5.026951313018799,4.901864051818848,5.019656181335449,4.907257556915283,5.030233383178711,5.0368146896362305,5.150063514709473,5.173643112182617,5.254294395446777,4.651366233825684,4.902193546295166,4.9035420417785645,5.024650573730469,5.0271453857421875,4.7789387702941895,4.840585708618164,5.203929901123047,4.952574729919434,5.165075302124023,5.011215686798096,5.2041168212890625
4.893712043762207,4.899780750274658,4.901639938354492,4.901180744171143,4.903710842132568,4.652286052703857,4.653277397155762,4.540358543395996,4.775930404663086,4.941652297973633,5.023754119873047,4.942972183227539,4.7694220542907715,4.399676322937012,4.769018173217773,4.399850845336914,4.647134780883789,4.410088539123535,4.903329849243164,4.542204856872559,4.783690452575684,4.533974647521973,4.656845569610596,4.550795078277588,4.404213905334473,4.778112411499023,4.529984474182129,4.528280258178711,4.2788238525390625,4.406033039093018,4.908570766448975,4.915530204772949,4.680953502655029,4.669210433959961,5.027602672576904,5.068935394287109,4.926453590393066,4.650493144989014,5.020174503326416,5.02730655670166,4.7843241691589355,4.7797346115112305,4.678526401519775,4.791205406188965,4.877460479736328,5.019193172454834,5.120148658752441,4.900424957275391,4.779387474060059,4.533373832702637,4.522274017333984,5.028678894042969,4.901926040649414,5.021674156188965,4.813401222229004,5.030921936035156,5.075449466705322,5.1477885246276855,5.154502868652344,5.223060607910156,4.65455961227417,4.905318737030029,4.90308952331543,5.046139717102051,4.9017415046691895,4.779384613037109,4.786149501800537,5.151333808898926,5.0263352394104,5.153431415557861,5.136490821838379,5.056732177734375
4.894876956939697,4.893778324127197,4.902583122253418,4.898589134216309,4.903262138366699,4.6520490646362305,4.653585910797119,4.530120849609375,4.781874656677246,4.902753829956055,5.025871276855469,4.915870189666748,4.769123077392578,4.4043402671813965,4.769099235534668,4.3996734619140625,4.646967887878418,4.403648376464844,4.902448654174805,4.530186176300049,4.781639099121094,4.528511047363281,4.651711463928223,4.5328569412231445,4.404675006866455,4.774897575378418,4.53292989730835,4.534923553466797,4.2792534828186035,4.405046463012695,4.9199538230896,4.923356533050537,4.663037300109863,4.65696382522583,5.0106706619262695,5.053389549255371,4.902820587158203,4.648629188537598,5.022732734680176,5.020176887512207,4.661952018737793,4.776984214782715,4.744855880737305,4.781098365783691,4.803594589233398,5.023678779602051,5.0303168296813965,4.902804374694824,4.776381015777588,4.531827926635742,4.405803203582764,5.0269060134887695,4.900627136230469,5.0238142013549805,4.885448455810547,5.028522491455078,5.025299072265625,5.151673316955566,5.160072326660156,5.163389682769775,4.656664848327637,4.778779983520508,4.903754711151123,4.7377495765686035,4.9025726318359375,4.779189586639404,4.78446102142334,5.154950141906738,5.105852127075195,5.147976875305176,5.044384002685547,5.0427961349487305
4.90094518661499,4.779327392578125,4.903995513916016,4.8997416496276855,4.904139518737793,4.530723571777344,4.65097713470459,4.532216548919678,4.775795936584473,4.913962364196777,4.956995010375977,4.906741142272949,4.646111965179443,4.399694442749023,4.769282341003418,4.399599075317383,4.655168056488037,4.401150703430176,4.7842559814453125,4.5268120765686035,4.77406120300293,4.528568267822266,4.644710063934326,4.529037952423096,4.316118240356445,4.772309303283691,4.540989875793457,4.5282745361328125,4.280481338500977,4.410159587860107,4.825552463531494,4.928206920623779,4.658873558044434,4.680732727050781,5.0127644538879395,5.060791969299316,4.902968883514404,4.5268731117248535,5.025556564331055,4.9034271240234375,4.654481410980225,4.652887344360352,4.737482070922852,4.779760837554932,4.8211565017700195,4.90895414352417,5.127323150634766,4.791539669036865,4.776402950286865,4.530434608459473,4.598504066467285,5.026771068572998,4.902003288269043,4.904006004333496,4.782995700836182,5.028087139129639,5.021134853363037,5.064483642578125,5.15205192565918,5.19477653503418,4.653371334075928,4.780849456787109,4.912497520446777,4.655576229095459,4.903833866119385,4.775720119476318,4.827794075012207,5.150394439697266,5.019631385803223,5.067227363586426,5.010525226593018,5.037478446960449
4.898746967315674,4.778436660766602,4.903757095336914,4.901238441467285,4.90289306640625,4.528643608093262,4.652976989746094,4.5298919677734375,4.778913497924805,4.890787124633789,4.903238296508789,4.905898094177246,4.404815673828125,4.399981498718262,4.651297569274902,4.400824069976807,4.653106212615967,4.4011030197143555,4.779853820800781,4.52728271484375,4.777254581451416,4.526850700378418,4.533961296081543,4.529872417449951,4.293510437011719,4.771735191345215,4.5301103591918945,4.444544315338135,4.312926292419434,4.407086372375488,4.819936275482178,4.90350341796875,4.660346031188965,4.654973983764648,4.951349258422852,5.037269592285156,4.903755187988281,4.528226375579834,5.021120071411133,4.905666351318359,4.653411865234375,4.655176639556885,4.6620564460754395,4.714665412902832,4.7834601402282715,4.911181449890137,5.139204025268555,4.793440818786621,4.774347305297852,4.530803203582764,4.404377460479736,4.904057502746582,4.90303897857666,4.904232501983643,4.661129951477051,4.931335926055908,4.919923305511475,5.050468444824219,5.150041580200195,5.0370192527771,4.654642105102539,4.778266429901123,4.904331207275391,4.653397083282471,4.903063774108887,4.778566360473633,4.785321235656738,5.150866508483887,4.940982341766357,5.034913539886475,5.022024154663086,5.029435157775879
4.654598236083984,4.774705410003662,4.90246057510376,4.89719295501709,4.904997825622559,4.530908107757568,4.652546405792236,4.54451847076416,4.843873023986816,4.835810661315918,4.903817653656006,4.913847923278809,4.4047441482543945,4.39919900894165,4.64698600769043,4.405646324157715,4.649314880371094,4.403268337249756,4.774453639984131,4.526902198791504,4.7745585441589355,4.526485443115234,4.529120922088623,4.530498504638672,4.28123664855957,4.774691581726074,4.526011943817139,4.406317234039307,4.279304504394531,4.465092182159424,4.664085865020752,4.7864460945129395,4.65230655670166,4.652749061584473,4.924884796142578,4.907559394836426,4.9036784172058105,4.527895927429199,4.900487899780273,4.901988506317139,4.65281867980957,4.652431488037109,4.658536911010742,4.70758581161499,4.776483058929443,4.914632797241211,5.036516189575195,4.782034873962402,4.776756286621094,4.528012275695801,4.405972957611084,4.905642509460449,4.911633491516113,4.900582313537598,4.663018226623535,4.9147467613220215,4.816866397857666,5.028285980224609,5.030979633331299,5.027220249176025,4.655450820922852,4.7776055335998535,4.7819390296936035,4.654857635498047,4.905656814575195,4.780355930328369,4.776416301727295,5.0427117347717285,4.90128231048584,5.042971134185791,4.8617658615112305,5.024622917175293
4.652285575866699,4.7751359939575195,4.911605358123779,4.789338111877441,4.9000325202941895,4.531006813049316,4.652139663696289,4.529069423675537,4.775041580200195,4.788472652435303,4.905106067657471,4.9014692306518555,4.400432586669922,4.278805732727051,4.404024600982666,4.402128219604492,4.647291660308838,4.400315761566162,4.773838043212891,4.525687217712402,4.7724409103393555,4.526716232299805,4.527255535125732,4.5271172523498535,4.280971527099609,4.7790045738220215,4.447444438934326,4.403039932250977,4.282015800476074,4.405517101287842,4.662301540374756,4.792327880859375,4.673235893249512,4.653871536254883,4.93006706237793,4.9156880378723145,4.902503967285156,4.526780128479004,4.835695743560791,4.902388572692871,4.662932872772217,4.655345439910889,4.661880016326904,4.65537691116333,4.787370681762695,4.918910503387451,4.9447221755981445,4.773605823516846,4.793071746826172,4.527604103088379,4.405978679656982,4.781589508056641,4.899040222167969,4.903472900390625,4.658331871032715,4.907516956329346,4.817868709564209,5.03028678894043,5.027878761291504,5.033461570739746,4.654934883117676,4.775431156158447,4.778365612030029,4.654745101928711,4.777371883392334,4.780213356018066,4.659580707550049,5.024853706359863,4.899044990539551,5.026731491088867,4.894633769989014,5.024637222290039
4.652760982513428,4.758482933044434,4.898995399475098,4.777255535125732,4.898323059082031,4.529309272766113,4.529827117919922,4.529669284820557,4.774703025817871,4.78146505355835,4.906793594360352,4.8994550704956055,4.399600028991699,4.276723861694336,4.402780532836914,4.280918121337891,4.645945072174072,4.404975414276123,4.773799419403076,4.525634765625,4.772719383239746,4.525905609130859,4.4130096435546875,4.529168128967285,4.281211853027344,4.777350425720215,4.2813215255737305,4.291196346282959,4.281197547912598,4.404449462890625,4.664341926574707,4.779275894165039,4.657998085021973,4.652684688568115,4.915130138397217,4.731593132019043,4.901288986206055,4.52576208114624,4.777017116546631,4.903880596160889,4.652106285095215,4.656038284301758,4.659506797790527,4.656050205230713,4.7869157791137695,4.994960784912109,4.9956207275390625,4.773874282836914,4.775525093078613,4.527408599853516,4.406917572021484,4.778393745422363,4.899633884429932,4.901664733886719,4.662410259246826,4.905912399291992,4.853601455688477,5.030777931213379,5.0289692878723145,5.012613296508789,4.660904407501221,4.786716461181641,4.782904624938965,4.653658866882324,4.655247211456299,4.780243873596191,4.652943134307861,5.0321879386901855,4.903602600097656,5.026803970336914,4.824434280395508,5.020271301269531
4.652998924255371,4.653037071228027,4.896334648132324,4.774874687194824,4.901710510253906,4.527807712554932,4.52949333190918,4.528499603271484,4.778502941131592,4.775273323059082,4.905113220214844,4.907520771026611,4.279015064239502,4.276289939880371,4.40275764465332,4.280269622802734,4.649579048156738,4.4029083251953125,4.668561935424805,4.525489330291748,4.654527187347412,4.526037693023682,4.41042423248291,4.527442932128906,4.280972480773926,4.776147842407227,4.280101776123047,4.282565116882324,4.28154182434082,4.401839256286621,4.65206241607666,4.779534339904785,4.608375549316406,4.653794288635254,5.003993988037109,4.660797595977783,4.898292541503906,4.525354385375977,4.779542446136475,4.901017189025879,4.6617512702941895,4.651500225067139,4.661134719848633,4.650149345397949,4.777188777923584,4.934121131896973,4.916253566741943,4.776241302490234,4.775045871734619,4.526495933532715,4.4049763679504395,4.778131484985352,4.654260635375977,4.9037909507751465,4.659523963928223,4.907883167266846,4.8104963302612305,4.937138557434082,5.028816223144531,5.041220664978027,4.780582427978516,4.778961658477783,4.77928352355957,4.654352188110352,4.655511379241943,4.779563903808594,4.654304504394531,5.0418548583984375,4.932345867156982,5.02396297454834,4.885781764984131,5.028088092803955
4.653707027435303,4.651702880859375,4.901212215423584,4.771726608276367,4.904567718505859,4.530344009399414,4.530033111572266,4.5290069580078125,4.776707172393799,4.777200698852539,4.906513214111328,4.898837566375732,4.2769269943237305,4.280325889587402,4.403063774108887,4.27699089050293,4.646806240081787,4.405670642852783,4.651793479919434,4.525204658508301,4.650247573852539,4.526344299316406,4.403191089630127,4.526464939117432,4.280984878540039,4.776923179626465,4.2793684005737305,4.278058052062988,4.280912399291992,4.40517520904541,4.650397300720215,4.779752254486084,4.579161643981934,4.651270866394043,4.89986515045166,4.661716461181641,4.895643711090088,4.529566287994385,4.77755069732666,4.899919509887695,4.650880336761475,4.655625343322754,4.682257652282715,4.535907745361328,4.757153034210205,4.912274360656738,4.9107770919799805,4.783145904541016,4.781022548675537,4.4282331466674805,4.406311988830566,4.7776384353637695,4.530050277709961,4.904361724853516,4.659040451049805,4.9208245277404785,4.787647724151611,4.98218297958374,4.958271026611328,5.108747959136963,4.529542922973633,4.659374237060547,4.7802605628967285,4.653835773468018,4.656226634979248,4.778982162475586,4.720703125,5.026434421539307,4.8974289894104,4.950514316558838,4.81251335144043,5.031872749328613
4.654427528381348,4.651325702667236,4.900539398193359,4.773958206176758,4.9019317626953125,4.529670715332031,4.5275654792785645,4.528185844421387,4.7783427238464355,4.777017116546631,4.906159400939941,4.898957252502441,4.276397705078125,4.280507564544678,4.4010725021362305,4.278726577758789,4.64702844619751,4.279989242553711,4.649074554443359,4.403312683105469,4.65112829208374,4.524619102478027,4.403125286102295,4.5265655517578125,4.281113147735596,4.7829132080078125,4.281052112579346,4.163318157196045,4.279689311981201,4.405721187591553,4.654787063598633,4.7762956619262695,4.554623126983643,4.653619289398193,4.936158180236816,4.675123691558838,4.89906120300293,4.525087833404541,4.7785139083862305,4.901173114776611,4.658263206481934,4.78721284866333,4.664272785186768,4.541398048400879,4.772714614868164,4.918673515319824,4.90350341796875,4.711581230163574,4.790813446044922,4.279109001159668,4.405087471008301,4.7803215980529785,4.463361740112305,4.902358531951904,4.656012535095215,4.902897357940674,4.784307479858398,4.916927814483643,4.9672417640686035,5.031322002410889,4.530798435211182,4.563749313354492,4.880698204040527,4.655440807342529,4.855616569519043,4.656808853149414,4.652528762817383,5.027642250061035,4.927196025848389,4.805189609527588,4.787652015686035,5.024595260620117
4.654375076293945,4.6485514640808105,4.901058673858643,4.772443771362305,4.905538082122803,4.525730609893799,4.527493000030518,4.526318073272705,4.772308349609375,4.777562141418457,4.902238845825195,4.656156539916992,4.278943061828613,4.281010150909424,4.401074409484863,4.2773027420043945,4.645906925201416,4.280057907104492,4.648592948913574,4.401924133300781,4.648421287536621,4.419613361358643,4.404761791229248,4.525376319885254,4.284012317657471,4.779236793518066,4.279654026031494,4.156644821166992,4.281269550323486,4.403120994567871,4.650648593902588,4.784345626831055,4.545280456542969,4.654579162597656,4.899503707885742,4.684720039367676,4.896793842315674,4.526920795440674,4.7801513671875,4.652653217315674,4.6570539474487305,4.7018723487854,4.661315441131592,4.529784202575684,4.747467041015625,4.915125846862793,4.909543037414551,4.668227195739746,4.773830413818359,4.2793779373168945,4.405935287475586,4.780516624450684,4.403585433959961,4.902106285095215,4.655634880065918,4.904529571533203,4.787567615509033,4.904438495635986,4.902222156524658,4.920457363128662,4.531157493591309,4.530473232269287,4.789427757263184,4.704318523406982,4.692769527435303,4.654909133911133,4.6510329246521,4.907533645629883,4.897245407104492,4.876453399658203,4.866303443908691,5.02362060546875
4.652786731719971,4.650284767150879,4.9034528732299805,4.774083137512207,4.904009819030762,4.52934455871582,4.527534484863281,4.515013694763184,4.771439552307129,4.77720832824707,4.9051923751831055,4.651230812072754,4.278266429901123,4.279417514801025,4.400358200073242,4.278286457061768,4.590030670166016,4.278947830200195,4.64790153503418,4.402187824249268,4.647388458251953,4.401198863983154,4.402356147766113,4.524127960205078,4.280721187591553,4.778125762939453,4.157158374786377,4.1559834480285645,4.282051086425781,4.4043073654174805,4.657794952392578,4.684452056884766,4.531160354614258,4.540537357330322,4.900631904602051,4.6961164474487305,4.895734786987305,4.528779983520508,4.776955604553223,4.654752254486084,4.654747009277344,4.654106616973877,4.6571855545043945,4.533641815185547,4.689803123474121,4.906400680541992,4.903524398803711,4.77266263961792,4.77303409576416,4.279376029968262,4.406054973602295,4.775301933288574,4.406064510345459,4.9012322425842285,4.655374050140381,4.904675483703613,4.781000137329102,4.9051055908203125,4.94326114654541,4.900373458862305,4.529246807098389,4.542384624481201,4.658819675445557,4.655179023742676,4.659070014953613,4.65550422668457,4.657435894012451,4.902400970458984,4.899134635925293,4.794853210449219,4.81381893157959,5.024787425994873
4.652189254760742,4.653646945953369,4.8890910148620605,4.773097038269043,4.903111457824707,4.52728271484375,4.526069164276123,4.403758525848389,4.656400203704834,4.777238368988037,4.863221645355225,4.644450664520264,4.277441024780273,4.279322147369385,4.402705669403076,4.154158115386963,4.526486873626709,4.278617858886719,4.647533416748047,4.401526927947998,4.646958351135254,4.401508808135986,4.403092861175537,4.523562431335449,4.280601501464844,4.776088237762451,4.155986785888672,4.1561994552612305,4.280973434448242,4.4077863693237305,4.655305862426758,4.662674903869629,4.530651569366455,4.5307769775390625,4.8973774909973145,4.662294387817383,4.865612030029297,4.455630302429199,4.777649402618408,4.654638290405273,4.653864860534668,4.660043239593506,4.6564435958862305,4.533358097076416,4.653039932250977,4.9039740562438965,4.923317909240723,4.768732070922852,4.542342185974121,4.279604911804199,4.4046149253845215,4.772137641906738,4.406241416931152,4.782083988189697,4.657596588134766,4.9081501960754395,4.815702438354492,4.917396545410156,4.904617786407471,4.904976844787598,4.655045986175537,4.530973434448242,4.652836799621582,4.655791759490967,4.655123233795166,4.780850887298584,4.654749393463135,4.919870376586914,4.837114334106445,4.8541669845581055,4.7826032638549805,5.028961181640625
4.654144763946533,4.6537556648254395,4.776791572570801,4.769876480102539,4.900102138519287,4.407129287719727,4.527580261230469,4.405440330505371,4.534293174743652,4.777537822723389,4.791968822479248,4.542281150817871,4.277247428894043,4.280055046081543,4.400591850280762,4.155956268310547,4.279767990112305,4.279151916503906,4.647918224334717,4.402303695678711,4.407121658325195,4.400762557983398,4.402170181274414,4.529999256134033,4.281169414520264,4.7317328453063965,4.156270503997803,4.155905246734619,4.279756546020508,4.405200004577637,4.649722576141357,4.668381690979004,4.537913799285889,4.595335960388184,4.930062770843506,4.662237167358398,4.77824592590332,4.404574394226074,4.804728984832764,4.530340194702148,4.654506683349609,4.652988910675049,4.655713081359863,4.532843112945557,4.712003231048584,4.937135219573975,4.917364120483398,4.750425815582275,4.527780532836914,4.407340049743652,4.406003475189209,4.773848533630371,4.4071044921875,4.7773942947387695,4.6539201736450195,4.904439926147461,4.779765605926514,4.917590141296387,4.901456832885742,4.9113545417785645,4.528945446014404,4.529329776763916,4.655014514923096,4.654900550842285,4.6559529304504395,4.533114433288574,4.652426242828369,4.904764175415039,4.8635454177856445,4.7785539627075195,4.806210517883301,5.021055698394775
4.652002811431885,4.651006698608398,4.794119834899902,4.774273872375488,4.903914451599121,4.404480934143066,4.485461711883545,4.403571605682373,4.530745506286621,4.774720668792725,4.777141571044922,4.538050174713135,4.276501178741455,4.277677536010742,4.278010368347168,4.154469966888428,4.278576850891113,4.283923149108887,4.649056911468506,4.400388240814209,4.405830383300781,4.400200843811035,4.401288986206055,4.525341510772705,4.280989646911621,4.653571128845215,4.157201766967773,4.154829978942871,4.279285907745361,4.404745101928711,4.654171466827393,4.655845642089844,4.531737327575684,4.529747009277344,4.862061500549316,4.655811786651611,4.771755218505859,4.404427528381348,4.774601936340332,4.527964115142822,4.655306816101074,4.654038429260254,4.664567470550537,4.5292558670043945,4.691511154174805,4.927779674530029,4.9029459953308105,4.736382007598877,4.5276618003845215,4.281230449676514,4.406388282775879,4.772290229797363,4.40566349029541,4.780066013336182,4.655230522155762,4.902320861816406,4.779844760894775,4.910178184509277,4.904531955718994,4.900474548339844,4.543344974517822,4.531394004821777,4.657900333404541,4.654858589172363,4.653646469116211,4.529833793640137,4.658847808837891,4.936982154846191,4.79098653793335,4.775393009185791,4.794682502746582,4.905801296234131
4.653295516967773,4.652163505554199,4.779970645904541,4.7717604637146,4.784682750701904,4.404585838317871,4.403602123260498,4.401643753051758,4.542668342590332,4.774692535400391,4.774190425872803,4.526510238647461,4.278450012207031,4.278628349304199,4.277833938598633,4.1558709144592285,4.2787699699401855,4.279663562774658,4.6466498374938965,4.401170253753662,4.404977321624756,4.401154041290283,4.400966644287109,4.525488376617432,4.281822204589844,4.660309314727783,4.155974388122559,4.154901504516602,4.280195236206055,4.403748035430908,4.650424003601074,4.648813724517822,4.52940034866333,4.5311126708984375,4.862723350524902,4.665963172912598,4.773211479187012,4.405261039733887,4.784519672393799,4.527632713317871,4.652389049530029,4.652558326721191,4.653332710266113,4.5304765701293945,4.652220726013184,4.912457466125488,4.90000057220459,4.724266529083252,4.527323246002197,4.278181552886963,4.405900001525879,4.773318767547607,4.519798755645752,4.7784013748168945,4.653535842895508,4.903153419494629,4.780543327331543,4.90057373046875,4.897177696228027,4.9036359786987305,4.529332160949707,4.544814586639404,4.654672622680664,4.655791282653809,4.654422760009766,4.581338405609131,4.66310453414917,4.904294967651367,4.866467475891113,4.65757942199707,4.782534122467041,4.974159240722656
4.651752471923828,4.6507086753845215,4.776423454284668,4.772835731506348,4.780231475830078,4.405884742736816,4.404096603393555,4.402223587036133,4.530900001525879,4.771149635314941,4.773090839385986,4.528773307800293,4.277319431304932,4.2788238525390625,4.155355453491211,4.155806064605713,4.27725887298584,4.278730869293213,4.5280914306640625,4.4007568359375,4.404027462005615,4.399633407592773,4.400861740112305,4.525420665740967,4.28105354309082,4.655601978302002,4.156430721282959,4.161073684692383,4.279338836669922,4.52509880065918,4.648374557495117,4.656634330749512,4.528420448303223,4.507747173309326,4.78203010559082,4.657957553863525,4.6528096199035645,4.404681205749512,4.7773942947387695,4.528030872344971,4.655323028564453,4.656554222106934,4.656606197357178,4.53450345993042,4.649509429931641,4.908317565917969,4.942782878875732,4.6595869064331055,4.528721332550049,4.278841018676758,4.4052815437316895,4.528045654296875,4.404207706451416,4.77961540222168,4.650405406951904,4.902369499206543,4.778622627258301,4.901907920837402,4.869947910308838,4.893743991851807,4.677465915679932,4.530851364135742,4.653226375579834,4.6546125411987305,4.670274257659912,4.530972003936768,4.656316757202148,4.901991367340088,4.885995864868164,4.680577278137207,4.844498157501221,4.903521537780762
4.65234899520874,4.403868675231934,4.776305198669434,4.775144100189209,4.778801441192627,4.404374122619629,4.401884078979492,4.401919841766357,4.527771949768066,4.773547172546387,4.776484489440918,4.440001010894775,4.277120113372803,4.406651020050049,4.155275344848633,4.155751705169678,4.278077125549316,4.278517723083496,4.524115085601807,4.399893283843994,4.40294075012207,4.400466442108154,4.401448726654053,4.5242919921875,4.280904293060303,4.654486179351807,4.155510902404785,4.156876087188721,4.280444622039795,4.404730319976807,4.649615287780762,4.650559902191162,4.529693126678467,4.426839828491211,4.901340484619141,4.654882907867432,4.651209831237793,4.402439117431641,4.776020526885986,4.528370380401611,4.65242338180542,4.653719425201416,4.653584003448486,4.529404163360596,4.655109882354736,4.905076503753662,4.907691955566406,4.57888650894165,4.52712869644165,4.27823543548584,4.405874252319336,4.5298967361450195,4.403141975402832,4.816597938537598,4.650908946990967,4.9019975662231445,4.778964519500732,4.902164936065674,4.697645664215088,4.803138732910156,4.52912712097168,4.530241966247559,4.653762340545654,4.655964374542236,4.530029773712158,4.532853126525879,4.650195121765137,4.904036045074463,4.804758071899414,4.65731954574585,4.779026508331299,4.880001068115234
4.655662536621094,4.407924175262451,4.78084659576416,4.77158260345459,4.779971599578857,4.4045891761779785,4.403510093688965,4.403294563293457,4.536808490753174,4.772430419921875,4.777763843536377,4.419373512268066,4.2779741287231445,4.281361103057861,4.154629707336426,4.154563903808594,4.279590606689453,4.277666091918945,4.528459548950195,4.400138854980469,4.404348850250244,4.399927139282227,4.402403831481934,4.523540496826172,4.2809553146362305,4.406389236450195,4.155984401702881,4.155456066131592,4.279678821563721,4.405526161193848,4.623968601226807,4.649600028991699,4.5371809005737305,4.407593727111816,4.831620216369629,4.6547675132751465,4.6521453857421875,4.402224540710449,4.775607109069824,4.525911808013916,4.652116775512695,4.649937629699707,4.652605056762695,4.527559280395508,4.663424015045166,4.9026265144348145,4.903059005737305,4.545462608337402,4.405396938323975,4.278463363647461,4.414872169494629,4.5285820960998535,4.408257484436035,4.777311325073242,4.5318217277526855,4.901276588439941,4.777983665466309,4.900931358337402,4.7636799812316895,4.92033052444458,4.546127796173096,4.611339569091797,4.657197952270508,4.655085563659668,4.528589248657227,4.529494285583496,4.6516618728637695,4.90197229385376,4.8851094245910645,4.6574859619140625,4.7844743728637695,4.668149948120117
4.653176307678223,4.403631687164307,4.777411937713623,4.655768394470215,4.780547618865967,4.405317783355713,4.403375625610352,4.401918411254883,4.529423713684082,4.772191047668457,4.772425651550293,4.406075477600098,4.278604507446289,4.279400825500488,4.154746055603027,4.154651165008545,4.28082275390625,4.277163505554199,4.524521350860596,4.40024471282959,4.401904106140137,4.400012493133545,4.302823066711426,4.524261951446533,4.285918235778809,4.406231880187988,4.155921936035156,4.155882358551025,4.284141540527344,4.405442714691162,4.531022071838379,4.652895450592041,4.5312604904174805,4.421408176422119,4.776357650756836,4.673074245452881,4.646696090698242,4.406903266906738,4.774508476257324,4.529181957244873,4.65336799621582,4.6371941566467285,4.656375885009766,4.5280022621154785,4.65828800201416,4.9027099609375,4.900518894195557,4.593598365783691,4.404576301574707,4.2804436683654785,4.405943393707275,4.528863430023193,4.404425144195557,4.773787498474121,4.533556938171387,4.902967929840088,4.777409076690674,4.902338027954102,4.687331676483154,4.82354736328125,4.530828475952148,4.530857086181641,4.655701160430908,4.664669990539551,4.529725074768066,4.531681537628174,4.652144908905029,4.901665687561035,4.780091285705566,4.653175354003906,4.775084972381592,4.7332353591918945
4.650988578796387,4.403804779052734,4.775830268859863,4.653849124908447,4.778311252593994,4.3520002365112305,4.402745723724365,4.403306484222412,4.526243209838867,4.7713751792907715,4.655879974365234,4.404109954833984,4.280771732330322,4.279806137084961,4.154906272888184,4.15604305267334,4.279887676239014,4.279615879058838,4.523282527923584,4.401410102844238,4.4016242027282715,4.400670051574707,4.281944751739502,4.416512489318848,4.2808661460876465,4.405328273773193,4.156071662902832,4.155981540679932,4.279027462005615,4.405965328216553,4.524456024169922,4.64914608001709,4.527349472045898,4.4091691970825195,4.776320457458496,4.651906967163086,4.651045322418213,4.401726722717285,4.653618335723877,4.527642250061035,4.654101371765137,4.554919242858887,4.652200698852539,4.543581962585449,4.6536431312561035,4.902350425720215,4.957003116607666,4.55091667175293,4.404884338378906,4.279355049133301,4.406030654907227,4.526176929473877,4.4058613777160645,4.778216361999512,4.518784523010254,4.903038501739502,4.77742862701416,4.897822380065918,4.704371929168701,4.780399322509766,4.530303955078125,4.531796932220459,4.780241966247559,4.655973434448242,4.529051303863525,4.531298637390137,4.6502227783203125,4.932987689971924,4.775622367858887,4.6565656661987305,4.776593208312988,4.706857681274414
4.6501784324646,4.403301239013672,4.777759552001953,4.652040004730225,4.779391288757324,4.283665180206299,4.402473449707031,4.401501178741455,4.526318073272705,4.771262168884277,4.653473854064941,4.404275894165039,4.277240753173828,4.279940128326416,4.155684471130371,4.157182216644287,4.280052661895752,4.279211521148682,4.524120807647705,4.402207851409912,4.401913166046143,4.400071144104004,4.28373908996582,4.347729682922363,4.279428482055664,4.405941009521484,4.155982971191406,4.15609884262085,4.279291152954102,4.405121803283691,4.298283100128174,4.647515296936035,4.5331878662109375,4.4091691970825195,4.796702861785889,4.654096603393555,4.651390552520752,4.401827812194824,4.652729034423828,4.526082992553711,4.649969100952148,4.599245548248291,4.650920391082764,4.528153896331787,4.65121603012085,4.904675483703613,4.994553565979004,4.582376480102539,4.405224323272705,4.279698371887207,4.404903411865234,4.527712821960449,4.405605792999268,4.775837421417236,4.428719520568848,4.905056476593018,4.776981830596924,4.901167869567871,4.653913974761963,4.55452823638916,4.5297160148620605,4.5309319496154785,4.658805847167969,4.655789375305176,4.653934478759766,4.608000755310059,4.5684895515441895,4.899979591369629,4.806243896484375,4.650039196014404,4.7771220207214355,4.663914203643799
4.653374195098877,4.404479503631592,4.776277542114258,4.652251243591309,4.778436660766602,4.280946731567383,4.403428077697754,4.401025772094727,4.526454448699951,4.672416687011719,4.64658784866333,4.389439582824707,4.277719974517822,4.280210971832275,4.157652854919434,4.158685684204102,4.279097080230713,4.2793426513671875,4.602234363555908,4.402580261230469,4.400970458984375,4.399960517883301,4.280336380004883,4.281517028808594,4.279984951019287,4.4045538902282715,4.1559739112854,4.158128261566162,4.280716419219971,4.4059739112854,4.285190105438232,4.648550510406494,4.525917053222656,4.403459548950195,4.783064365386963,4.650692462921143,4.777475833892822,4.402826309204102,4.653322219848633,4.530446529388428,4.6509623527526855,4.530280590057373,4.650615692138672,4.528200626373291,4.652593612670898,4.902750492095947,4.896800518035889,4.596381187438965,4.405019283294678,4.278313636779785,4.405529022216797,4.530520439147949,4.402665138244629,4.776031970977783,4.414154052734375,4.903245449066162,4.7772216796875,4.902437686920166,4.687209606170654,4.583780288696289,4.531018257141113,4.5306501388549805,4.655018329620361,4.654461860656738,4.530950546264648,4.529432773590088,4.529402256011963,4.903040885925293,4.803134441375732,4.652555465698242,4.811256408691406,4.7136688232421875
